ad_idx,name,url
1,lg_g8,https://s3.ap-northeast-2.amazonaws.com/sopt-seminar/%ED%9C%B4%EB%8C%80%ED%8F%B0%EB%8B%A8%EB%A7%90%EA%B8%B0_1318_1939_%EA%B3%B5%ED%86%B5+%2B+4069_%EB%82%A8%EC%9E%90/LG+G8+ThinQ+-+%ED%99%94%EB%A9%B4%EC%9C%BC%EB%A1%9C+%EB%93%A3%EB%8B%A4+%ED%8E%B8+%EA%B4%91%EA%B3%A0.mp4
2,iphone_xr,https://s3.ap-northeast-2.amazonaws.com/sopt-seminar/%ED%9C%B4%EB%8C%80%ED%8F%B0%EB%8B%A8%EB%A7%90%EA%B8%B0_1318_1939_%EA%B3%B5%ED%86%B5+%2B+4069_%EB%82%A8%EC%9E%90/%EC%95%A0%ED%94%8C%EC%BD%94%EB%A6%AC%EC%95%84%EB%B3%B4%EB%8B%A4+%EB%B9%A8%EB%A6%AC%EB%A7%8C%EB%93%A0%E3%85%A1iPhone+XR+%EA%B4%91%EA%B3%A0+%ED%95%9C%EA%B8%80%ED%99%94+%5BIntroducing+iPhone+XR%5D.mp4
3,galaxy_s10,https://s3.ap-northeast-2.amazonaws.com/sopt-seminar/%ED%9C%B4%EB%8C%80%ED%8F%B0%EB%8B%A8%EB%A7%90%EA%B8%B0_1318_1939_%EA%B3%B5%ED%86%B5+%2B+4069_%EB%82%A8%EC%9E%90/%EA%B0%A4%EB%9F%AD%EC%8B%9C+s10+%EA%B4%91%EA%B3%A0.mp4
4,하나투어_식도락,https://s3.ap-northeast-2.amazonaws.com/sopt-seminar/%ED%95%B4%EC%99%B8%EC%97%AC%ED%96%89_1939_4069_%EA%B3%B5%ED%86%B5/%5B%EA%B4%91%EA%B3%A0%5D+%ED%95%98%EB%82%98%ED%88%AC%EC%96%B4+%ED%85%8C%EB%A7%88%EC%97%AC%ED%96%89+CF_%EC%8B%9D%EB%8F%84%EB%9D%BD+%ED%8E%B8+(30%EC%B4%88).mp4
5,하나투어_시네마,https://s3.ap-northeast-2.amazonaws.com/sopt-seminar/%ED%95%B4%EC%99%B8%EC%97%AC%ED%96%89_1939_4069_%EA%B3%B5%ED%86%B5/%5B%EA%B4%91%EA%B3%A0%5D+%ED%95%98%EB%82%98%ED%88%AC%EC%96%B4+%ED%85%8C%EB%A7%88%EC%97%AC%ED%96%89+CF_%EC%8B%9C%EB%84%A4%EB%A7%88+%ED%8E%B8+(30%EC%B4%88).mp4
6,모두투어,https://s3.ap-northeast-2.amazonaws.com/sopt-seminar/%ED%95%B4%EC%99%B8%EC%97%AC%ED%96%89_1939_4069_%EA%B3%B5%ED%86%B5/%EB%8B%B9%EC%8B%A0%EC%9D%84+%EC%97%AC%ED%96%89%ED%95%A9%EB%8B%88%EB%8B%A4_2018+%EB%AA%A8%EB%91%90%ED%88%AC%EC%96%B4+CF(%EC%A2%85%ED%95%A9%ED%8E%B8)+30_.mp4
7,하나투어_가족,https://s3.ap-northeast-2.amazonaws.com/sopt-seminar/%ED%95%B4%EC%99%B8%EC%97%AC%ED%96%89_1939_4069_%EA%B3%B5%ED%86%B5/%E2%80%9C%EC%9A%B0%EB%A6%AC%2C+%EA%B0%80%EC%A1%B1%EC%97%AC%ED%96%89+%EA%B0%88%EA%B9%8C%E2%80%9Dl+%ED%95%98%EB%82%98%ED%88%AC%EC%96%B4+%EA%B0%80%EC%A1%B1%E6%84%9B%EB%B0%9C%EA%B2%AC+CF+(%EA%B0%80%EC%A1%B1+%ED%8E%B8+30s).mp4
8,에어부산,https://s3.ap-northeast-2.amazonaws.com/sopt-seminar/%ED%95%AD%EA%B3%B5%EC%82%AC_1939_%EC%97%AC%EC%9E%90/AIRBUSAN_%EC%9A%B8%EB%9E%80%EB%B0%94%ED%86%A0%EB%A5%B4+%ED%8E%B8(30%EC%B4%88).mp4
9,제주항공,https://s3.ap-northeast-2.amazonaws.com/sopt-seminar/%ED%95%AD%EA%B3%B5%EC%82%AC_1939_%EC%97%AC%EC%9E%90/%EC%97%AC%ED%96%89%EC%9D%98+%EA%B8%B0%EC%A4%80%EC%9D%84+%EB%B0%94%EA%BE%B8%EB%8B%A4!+NEW+STANDARD+%EC%A0%9C%EC%A3%BC%ED%95%AD%EA%B3%B5.mp4
10,아시아나항공,https://s3.ap-northeast-2.amazonaws.com/sopt-seminar/%ED%95%AD%EA%B3%B5%EC%82%AC_1939_%EC%97%AC%EC%9E%90/%EC%95%84%EC%8B%9C%EC%95%84%EB%82%98%ED%95%AD%EA%B3%B5%EC%9D%98+%EC%83%88+%EC%96%BC%EA%B5%B4%EC%9D%84+%EC%86%8C%EA%B0%9C%ED%95%A9%EB%8B%88%EB%8B%A4+%E2%91%A0.mp4
11,대한항공,https://s3.ap-northeast-2.amazonaws.com/sopt-seminar/%ED%95%AD%EA%B3%B5%EC%82%AC_1939_%EC%97%AC%EC%9E%90/%EB%8D%B8%ED%83%80%ED%95%AD%EA%B3%B5%EA%B3%BC+%ED%95%A8%EA%BB%98%2C+%EB%8D%94%EC%9A%B1+%ED%8E%B8%EB%A6%AC%ED%95%B4%EC%A7%80%EB%8A%94+%EB%8C%80%ED%95%9C%ED%95%AD%EA%B3%B5.mp4
12,피자헛,https://s3.ap-northeast-2.amazonaws.com/sopt-seminar/%ED%94%BC%EC%9E%90_1318_1939_%EA%B3%B5%ED%86%B5/%ED%94%BC%EC%9E%90%ED%97%9B+%EC%8B%A0%EB%A9%94%EB%89%B4+%EB%8D%94%EB%B8%94%ED%90%81%EB%93%80%EC%89%AC%EB%A6%BC%ED%94%84+%EC%B6%9C%EC%8B%9C!.mp4
13,미스터피자,https://s3.ap-northeast-2.amazonaws.com/sopt-seminar/%ED%94%BC%EC%9E%90_1318_1939_%EA%B3%B5%ED%86%B5/%EB%AF%B8%EC%8A%A4%ED%84%B0%ED%94%BC%EC%9E%90.mp4
14,도미노피자_블랙,https://s3.ap-northeast-2.amazonaws.com/sopt-seminar/%ED%94%BC%EC%9E%90_1318_1939_%EA%B3%B5%ED%86%B5/%EB%8F%84%EB%AF%B8%EB%85%B8%ED%94%BC%EC%9E%90+11%EC%9B%94+16%EC%9D%BC+%EB%B8%94%EB%9E%99%EC%95%B5%EA%B1%B0%EC%8A%A4+%EC%8A%A4%ED%85%8C%EC%9D%B4%ED%81%AC+%EC%B6%9C%EC%8B%9C!.mp4
15,도미노피자_이베,https://s3.ap-northeast-2.amazonaws.com/sopt-seminar/%ED%94%BC%EC%9E%90_1318_1939_%EA%B3%B5%ED%86%B5/%5B%EB%8F%84%EB%AF%B8%EB%85%B8%ED%94%BC%EC%9E%90%5D+2%EC%9B%94+27%EC%9D%BC+%EB%8D%94%EB%B8%94%ED%81%AC%EB%9F%AC%EC%8A%A4%ED%8A%B8+%EC%9D%B4%EB%B2%A0%EB%A6%AC%EC%BD%94+%ED%94%BC%EC%9E%90+%EC%B6%9C%EC%8B%9C!.mp4
16,트로피카나_사과,https://s3.ap-northeast-2.amazonaws.com/sopt-seminar/%ED%83%84%EC%82%B0%EC%9D%8C%EB%A3%8C_1318_%EA%B3%B5%ED%86%B5/%5B%ED%8A%B8%EB%A1%9C%ED%94%BC%EC%B9%B4%EB%82%98+%EC%8A%A4%ED%8C%8C%ED%81%B4%EB%A7%81%5D+%EB%AA%A8%EB%AA%A8%EB%9E%9C%EB%93%9C+%EC%A3%BC%EC%9D%B4_%EC%82%AC%EA%B3%BC%ED%8E%B8.mp4
17,트로피카나_복숭아,https://s3.ap-northeast-2.amazonaws.com/sopt-seminar/%ED%83%84%EC%82%B0%EC%9D%8C%EB%A3%8C_1318_%EA%B3%B5%ED%86%B5/%5B%ED%8A%B8%EB%A1%9C%ED%94%BC%EC%B9%B4%EB%82%98+%EC%8A%A4%ED%8C%8C%ED%81%B4%EB%A7%81%5D+%EB%AA%A8%EB%AA%A8%EB%9E%9C%EB%93%9C+%EC%A3%BC%EC%9D%B4_%EB%B3%B5%EC%88%AD%EC%95%84%ED%8E%B8.mp4
18,트로피카나_망고,https://s3.ap-northeast-2.amazonaws.com/sopt-seminar/%ED%83%84%EC%82%B0%EC%9D%8C%EB%A3%8C_1318_%EA%B3%B5%ED%86%B5/%5B+%ED%8A%B8%EB%A1%9C%ED%94%BC%EC%B9%B4%EB%82%98+%EC%8A%A4%ED%8C%8C%ED%81%B4%EB%A7%81+X+%EB%AA%A8%EB%AA%A8%EB%9E%9C%EB%93%9C+%EC%A3%BC%EC%9D%B4+%5D+%EB%A7%9D%EA%B3%A0+%ED%8E%B8.mp4
19,코카콜라_커피,https://s3.ap-northeast-2.amazonaws.com/sopt-seminar/%ED%83%84%EC%82%B0%EC%9D%8C%EB%A3%8C_1318_%EA%B3%B5%ED%86%B5/%5B%EC%BD%94%EC%B9%B4-%EC%BD%9C%EB%9D%BC%5D+%EC%A7%9C%EB%A6%BF%ED%95%98%EA%B2%8C+%EB%82%98%EB%A5%B8%ED%95%9C+%EC%98%A4%ED%9B%84%EB%A5%BC+%EA%B9%A8%EC%9A%B8+%EC%8B%9C%EA%B0%84!+-+30_.mp4
20,오랑지나,https://s3.ap-northeast-2.amazonaws.com/sopt-seminar/%ED%83%84%EC%82%B0%EC%9D%8C%EB%A3%8C_1318_%EA%B3%B5%ED%86%B5/%5B%EC%98%A4%EB%9E%91%EC%A7%80%EB%82%98%5D+TVCF+30_.mp4
21,스트롱사이다,https://s3.ap-northeast-2.amazonaws.com/sopt-seminar/%ED%83%84%EC%82%B0%EC%9D%8C%EB%A3%8C_1318_%EA%B3%B5%ED%86%B5/%5B%EC%8A%A4%ED%8A%B8%EB%A1%B1%EC%82%AC%EC%9D%B4%EB%8B%A4X%EB%85%B8%EB%9D%BC%EC%A1%B0%5D+%EB%8D%94+%EB%8D%94+%EB%8D%94+%EC%8A%A4%ED%8A%B8%EB%A1%B1%ED%95%98%EA%B2%8C!+%EB%85%B8%EB%9D%BC%EC%A1%B0_!+(30_+ver.).mp4
22,60계치킨,https://s3.ap-northeast-2.amazonaws.com/sopt-seminar/%EC%B9%98%ED%82%A8_1318_4069_%EA%B3%B5%ED%86%B5/%EB%A7%A4%EC%9D%BC+%EC%83%88+%EA%B8%B0%EB%A6%84!+60%EB%A7%88%EB%A6%AC%EB%A7%8C!+60%EA%B3%84%EC%B9%98%ED%82%A8!.mp4
23,bhc_맛초킹,https://s3.ap-northeast-2.amazonaws.com/sopt-seminar/%EC%B9%98%ED%82%A8_1318_4069_%EA%B3%B5%ED%86%B5/%5Bbhc%5D+%EB%A6%AC%EC%96%BC%EC%88%99%EC%84%B1%EA%B0%84%EC%9E%A5%EC%9D%98+%EA%B9%8A%EC%9D%80+%EB%A7%9B+%EB%A7%9B%EC%B4%88%ED%82%B9+%EC%B9%98%ED%82%A8+_15s.mp4
24,bbq_자메이카,https://s3.ap-northeast-2.amazonaws.com/sopt-seminar/%EC%B9%98%ED%82%A8_1318_4069_%EA%B3%B5%ED%86%B5/%5BBBQ+CF%5D+%ED%86%B5+%ED%81%AC%EA%B2%8C+%EB%A7%9B%EC%9E%88%EB%8B%A4_!+%EB%B9%84%EB%B9%84%ED%81%90+%EC%9E%90%EB%A9%94%EC%9D%B4%EC%B9%B4+%ED%86%B5%EB%8B%A4%EB%A6%AC%EA%B5%AC%EC%9D%B4%EC%9D%98+TV%EA%B4%91%EA%B3%A0%EA%B0%80+%EB%96%B4%EB%8B%A4!+%2315sec.mp4
25,굽네_갈비천왕,https://s3.ap-northeast-2.amazonaws.com/sopt-seminar/%EC%B9%98%ED%82%A8_1318_4069_%EA%B3%B5%ED%86%B5/%5B%EA%B5%BD%EB%84%A4%EC%B9%98%ED%82%A8%5D+%EA%B5%BD%EB%84%A4+%EA%B0%88%EB%B9%84%EC%B2%9C%EC%99%95+CF+(%EC%94%A8%EC%A6%90+ASMR+ver.).mp4
26,교촌_허니콤보,https://s3.ap-northeast-2.amazonaws.com/sopt-seminar/%EC%B9%98%ED%82%A8_1318_4069_%EA%B3%B5%ED%86%B5/%5B2018%EB%85%84+%EA%B5%90%EC%B4%8C%EC%B9%98%ED%82%A8+TV-CF%5D+%EA%B5%90%EC%B4%8C%ED%97%88%EB%8B%88%EC%BD%A4%EB%B3%B4.mp4
27,한율,https://s3.ap-northeast-2.amazonaws.com/sopt-seminar/%EC%B2%AD%EC%86%8C%EB%85%84+%EC%8A%A4%ED%82%A8%EC%BC%80%EC%96%B4+%EA%B4%91%EA%B3%A0_1318_%EC%97%AC%EC%9E%90/CF+%EA%B4%91%EA%B3%A0+%EA%B9%80%EC%86%8C%ED%98%84+%ED%95%9C%EC%9C%A8+%EC%82%B0%EB%93%A4%EB%B0%95%ED%95%98+%ED%8A%B8%EB%9F%AC%EB%B8%94+%EC%8A%A4%ED%8C%9F%EC%A0%A4+%EC%98%A4%EB%8A%98%EB%B6%80%ED%84%B0+%EC%83%88+%EC%96%BC%EA%B5%B4+%ED%8E%B8+20s+2018.mp4
28,하다라보,https://s3.ap-northeast-2.amazonaws.com/sopt-seminar/%EC%B2%AD%EC%86%8C%EB%85%84+%EC%8A%A4%ED%82%A8%EC%BC%80%EC%96%B4+%EA%B4%91%EA%B3%A0_1318_%EC%97%AC%EC%9E%90/2015+%ED%95%98%EB%8B%A4%EB%9D%BC%EB%B3%B4+%EA%B3%A0%EC%BF%A0%EC%A5%B0+%EC%A0%95%EC%9C%A0%EB%AF%B8+20%EC%B4%88.mp4
29,에뛰드,https://s3.ap-northeast-2.amazonaws.com/sopt-seminar/%EC%B2%AD%EC%86%8C%EB%85%84+%EC%8A%A4%ED%82%A8%EC%BC%80%EC%96%B4+%EA%B4%91%EA%B3%A0_1318_%EC%97%AC%EC%9E%90/%5BETUDE+%EC%97%90%EB%9B%B0%EB%93%9C%5D+%EB%A0%88%EB%93%9C%EB%B2%A8%EB%B2%B3%EC%9D%98+%ED%94%BC%EB%B6%80%EB%B9%84%EA%B2%B0!+%EC%88%9C%ED%95%98%EA%B2%8C+%EC%A7%84%EC%A0%95!+%EC%88%9C%EC%A0%95+%ED%93%A8%EC%96%B4%EC%8A%A4%ED%86%A0%EB%A6%AC%E2%9D%A3.mp4
30,이니스프리,https://s3.ap-northeast-2.amazonaws.com/sopt-seminar/%EC%B2%AD%EC%86%8C%EB%85%84+%EC%8A%A4%ED%82%A8%EC%BC%80%EC%96%B4+%EA%B4%91%EA%B3%A0_1318_%EC%97%AC%EC%9E%90/%5B%EC%9D%B4%EB%8B%88%EC%8A%A4%ED%94%84%EB%A6%AC%5D+%EC%9C%A4%EC%95%84%EA%B0%80+%EC%93%B0%EB%8A%94+%ED%99%94%EC%9E%A5%ED%92%88%EC%9D%80+%EB%AD%98%EA%B9%8C+%ED%95%9C%EB%9E%80+%EC%9D%B8%EB%A6%AC%EC%B9%98%EB%93%9C%ED%81%AC%EB%A6%BC+CF+(1).mp4
31,스킨푸드,https://s3.ap-northeast-2.amazonaws.com/sopt-seminar/%EC%B2%AD%EC%86%8C%EB%85%84+%EC%8A%A4%ED%82%A8%EC%BC%80%EC%96%B4+%EA%B4%91%EA%B3%A0_1318_%EC%97%AC%EC%9E%90/%5B%EC%8A%A4%ED%82%A8%ED%91%B8%EB%93%9C%5D+%EA%B9%80%EC%9C%A0%EC%A0%95%EC%9D%98+%EC%97%B4%EB%A0%A4%EB%9D%BC+%EB%94%A5%EC%B4%89!+0.9+%EC%88%98%EB%B6%84+%ED%81%AC%EB%A6%BC+%EA%B4%91%EA%B3%A0+CF+15_.mp4
32,lg_코드제로,https://s3.ap-northeast-2.amazonaws.com/sopt-seminar/%EC%B2%AD%EC%86%8C%EA%B8%B0_1939_4069_%EA%B3%B5%ED%86%B5/LG+%EC%BD%94%EB%93%9C%EC%A0%9C%EB%A1%9C+A9+-+%EB%AC%B4%EC%84%A0%EC%B2%AD%EC%86%8C%EA%B8%B0%EC%9D%98+%EC%83%88%EB%A1%9C%EC%9A%B4+%EC%8B%9C%EB%8C%80%EB%A5%BC+%EC%97%B4%EB%8B%A4+%ED%8E%B8+%EA%B4%91%EA%B3%A0.mp4
33,휴스톰_물걸레,https://s3.ap-northeast-2.amazonaws.com/sopt-seminar/%EC%B2%AD%EC%86%8C%EA%B8%B0_1939_4069_%EA%B3%B5%ED%86%B5/%ED%9C%B4%EC%8A%A4%ED%86%B0+%EB%AC%BC%EA%B1%B8%EB%A0%88%EC%B2%AD%EC%86%8C%EA%B8%B0+CF%EC%98%81%EC%83%81.mp4
34,삼성_제트,https://s3.ap-northeast-2.amazonaws.com/sopt-seminar/%EC%B2%AD%EC%86%8C%EA%B8%B0_1939_4069_%EA%B3%B5%ED%86%B5/%EB%AF%B8%EC%84%B8%EB%A8%BC%EC%A7%80+%EA%B1%B1%EC%A0%95+%EC%97%86%EB%8A%94+%EC%B2%AD%EC%86%8C%EA%B8%B0+%EC%82%BC%EC%84%B1+%EC%A0%9C%ED%8A%B8+CF+%5B%ED%8E%B8%EC%9D%98%EC%84%B1+%ED%8E%B8%5D.mp4
35,다이슨,https://s3.ap-northeast-2.amazonaws.com/sopt-seminar/%EC%B2%AD%EC%86%8C%EA%B8%B0_1939_4069_%EA%B3%B5%ED%86%B5/%EB%8B%A4%EC%9D%B4%EC%8A%A8+V10+%EB%AC%B4%EC%84%A0%EC%B2%AD%EC%86%8C%EA%B8%B0.mp4
36,직방_이동욱,https://s3.ap-northeast-2.amazonaws.com/sopt-seminar/%EC%A7%91+%EA%B5%AC%ED%95%98%EA%B8%B0+%EC%96%B4%ED%94%8C_1939_%EA%B3%B5%ED%86%B5/CF+%EA%B4%91%EA%B3%A0+%EC%9D%B4%EB%8F%99%EC%9A%B1+%EC%A7%81%EB%B0%A9+%EC%A2%8B%EC%9D%80%EC%A7%91+%EA%B5%AC%ED%95%98%EB%8A%94+%EA%B8%B0%EC%88%A0+%ED%8E%B8+15s+2018.mp4
37,직방_모델,https://s3.ap-northeast-2.amazonaws.com/sopt-seminar/%EC%A7%91+%EA%B5%AC%ED%95%98%EA%B8%B0+%EC%96%B4%ED%94%8C_1939_%EA%B3%B5%ED%86%B5/%5BKOREAN+TV+COMMERCIALS%5D+2019.02.+%EA%B9%80%EC%A7%84%EA%B2%BD+%EC%A0%95%ED%98%81+%EC%A7%81%EB%B0%A9+(30s).mp4
38,다방,https://s3.ap-northeast-2.amazonaws.com/sopt-seminar/%EC%A7%91+%EA%B5%AC%ED%95%98%EA%B8%B0+%EC%96%B4%ED%94%8C_1939_%EA%B3%B5%ED%86%B5/%5B%EB%8B%A4%EB%B0%A9+TVCF%5D+%EB%8B%A4%EB%B0%A9%EC%9C%BC%EB%A1%9C+%EC%B0%9C%ED%95%98%EC%9E%90+%23%EC%8B%B1%EA%B8%80%ED%8E%B8.mp4
39,제네시스,https://s3.ap-northeast-2.amazonaws.com/sopt-seminar/%EC%9E%90%EA%B0%80%EC%9A%A9+%EC%8A%B9%EC%9A%A9%EC%B0%A8_1939_4069_%EB%82%A8%EC%9E%90/%5BHMG+TV%5D%EC%A0%9C%EB%84%A4%EC%8B%9C%EC%8A%A4(GENESIS)+G70+TV+CF+%E2%80%9330%EC%B4%88+(1).mp4
40,현대차_소나타,https://s3.ap-northeast-2.amazonaws.com/sopt-seminar/%EC%9E%90%EA%B0%80%EC%9A%A9+%EC%8A%B9%EC%9A%A9%EC%B0%A8_1939_4069_%EB%82%A8%EC%9E%90/%5BHMG+TV%5D+%ED%98%84%EB%8C%80%EC%9E%90%EB%8F%99%EC%B0%A8+%EC%8B%A0%ED%98%95+%EC%8F%98%EB%82%98%ED%83%80+TVC+%E2%80%93+%EB%94%94%EC%A7%80%ED%84%B8+%ED%82%A4+%ED%8E%B8.mp4
41,대형트럭,https://s3.ap-northeast-2.amazonaws.com/sopt-seminar/%EC%9E%90%EA%B0%80%EC%9A%A9+%EC%8A%B9%EC%9A%A9%EC%B0%A8_1939_4069_%EB%82%A8%EC%9E%90/%5BHMG+TV%5D+%ED%94%8C%EB%9E%98%EA%B7%B8%EC%8B%AD+%EB%8C%80%ED%98%95%ED%8A%B8%EB%9F%AD+%EC%97%91%EC%8B%9C%EC%96%B8%ED%8A%B8+%ED%94%84%EB%A1%9C(XCIENT+PRO)+%EC%98%81%EC%83%81+30s.mp4
42,제네시스_스펙트럼,https://s3.ap-northeast-2.amazonaws.com/sopt-seminar/%EC%9E%90%EA%B0%80%EC%9A%A9+%EC%8A%B9%EC%9A%A9%EC%B0%A8_1939_4069_%EB%82%A8%EC%9E%90/%5BHMG+TV%5D+%EC%9B%94+%EA%B5%AC%EB%8F%85%EC%9C%BC%EB%A1%9C+%EC%83%88%EB%A1%AD%EA%B2%8C+%EA%B2%BD%ED%97%98%ED%95%98%EB%8A%94+%EC%A0%9C%EB%84%A4%EC%8B%9C%EC%8A%A4%EF%BD%9C%EC%A0%9C%EB%84%A4%EC%8B%9C%EC%8A%A4+%EC%8A%A4%ED%8E%99%ED%8A%B8%EB%9F%BC.mp4
43,잇몸_코웰bmp,https://s3.ap-northeast-2.amazonaws.com/sopt-seminar/%EC%9E%87%EB%AA%B8+%EA%B4%80%EB%A6%AC%EC%9A%A9%ED%8F%BC_4069_%EA%B3%B5%ED%86%B5/CF+%EC%B5%9C%EC%A7%80%EB%82%98+%EC%BD%94%EC%9B%B0%EB%A9%94%EB%94%94+%EC%BD%94%EC%9B%B0BMP+%EC%9E%87%EB%AA%B8%EB%BC%88%ED%8E%B8+15s+2017.mp4
44,인사돌,https://s3.ap-northeast-2.amazonaws.com/sopt-seminar/%EC%9E%87%EB%AA%B8+%EA%B4%80%EB%A6%AC%EC%9A%A9%ED%8F%BC_4069_%EA%B3%B5%ED%86%B5/%EC%B5%9C%EB%B6%88%EC%95%94+%EC%97%84%EB%A7%88%EC%9D%98+%EC%9E%87%EB%AA%B8%EB%82%98%EC%9D%B4%ED%8E%B8+%EC%9D%B8%EC%82%AC%EB%8F%8C%ED%94%8C%EB%9F%AC%EC%8A%A4+CF.mp4
45,잇몸_라덴트,https://s3.ap-northeast-2.amazonaws.com/sopt-seminar/%EC%9E%87%EB%AA%B8+%EA%B4%80%EB%A6%AC%EC%9A%A9%ED%8F%BC_4069_%EA%B3%B5%ED%86%B5/%EB%9D%BC%EB%8D%B4%ED%8A%B8+%ED%95%9C%EC%95%8C%EC%B9%98%EC%95%BD+X+%ED%99%8D%EC%A7%84%EC%98%81+Tvc%EA%B4%91%EA%B3%A0_30s+ver+-+%EA%B0%93%EB%8D%B0%EB%A6%AC+%EC%8B%9C%ED%81%AC%EB%A6%BF+%EC%95%84%EC%9D%B4%ED%85%9C.mp4
46,kt_5g,https://s3.ap-northeast-2.amazonaws.com/sopt-seminar/%EC%9D%B4%EB%8F%99%ED%86%B5%EC%8B%A0%EC%82%AC_1939_%EA%B3%B5%ED%86%B5+%2B+4069_%EB%82%A8%EC%9E%90/%EB%B0%95%EC%84%9C%EC%A4%80(Park+Seo-joon)+KT+CF+%233.mp4
47,kt_기가지니,https://s3.ap-northeast-2.amazonaws.com/sopt-seminar/%EC%9D%B4%EB%8F%99%ED%86%B5%EC%8B%A0%EC%82%AC_1939_%EA%B3%B5%ED%86%B5+%2B+4069_%EB%82%A8%EC%9E%90/%EA%B8%B0%EA%B0%80%EC%A7%80%EB%8B%88+%ED%99%88%ED%8A%B8%EB%A0%88%EC%9D%B4%EB%8B%9D+%ED%8E%B8+%5BKT%5D.mp4
48,kt_기가지니_노래방,https://s3.ap-northeast-2.amazonaws.com/sopt-seminar/%EC%9D%B4%EB%8F%99%ED%86%B5%EC%8B%A0%EC%82%AC_1939_%EA%B3%B5%ED%86%B5+%2B+4069_%EB%82%A8%EC%9E%90/%EA%B8%B0%EA%B0%80%EC%A7%80%EB%8B%88+%EB%85%B8%EB%9E%98%EB%B0%A9%ED%8E%B8+%5BKT%5D+%5B%ED%99%A9%EC%9E%AC%EA%B7%A0%5D.mp4
49,유플러스_5g,https://s3.ap-northeast-2.amazonaws.com/sopt-seminar/%EC%9D%B4%EB%8F%99%ED%86%B5%EC%8B%A0%EC%82%AC_1939_%EA%B3%B5%ED%86%B5+%2B+4069_%EB%82%A8%EC%9E%90/%5BU%2B5G%5D+%EC%9D%BC%EC%83%81%EC%9D%84+%EB%B0%94%EA%BF%89%EB%8B%88%EB%8B%A4_%EB%A0%88%EC%95%8C+U%2BAR_%EB%82%98%EB%A7%8C%EC%9D%98+%EC%9E%85%EC%B2%B4%EC%8A%A4%ED%83%80.mp4
50,sk브로드밴드,https://s3.ap-northeast-2.amazonaws.com/sopt-seminar/%EC%9D%B4%EB%8F%99%ED%86%B5%EC%8B%A0%EC%82%AC_1939_%EA%B3%B5%ED%86%B5+%2B+4069_%EB%82%A8%EC%9E%90/%5BSK%EB%B8%8C%EB%A1%9C%EB%93%9C%EB%B0%B4%EB%93%9C%5D+nice%2C+bro!+(%EB%82%98%EC%9D%B4%EC%8A%A4%2C+%EB%B8%8C%EB%A1%9C!)+B+tv+x+NUGU+%235.+%ED%99%88%EC%95%A4%EC%84%9C%EB%B9%84%EC%8A%A4+%EC%84%A4%EC%B9%98%EA%B8%B0%EC%82%AC+%EC%9D%B4%EC%84%9C%EC%A7%84+_+%ED%97%A8%EB%A6%AC+bro+-+30%EC%B4%88.mp4
51,lg_스타일러,https://s3.ap-northeast-2.amazonaws.com/sopt-seminar/%EC%9D%98%EB%A5%98%EA%B4%80%EB%A6%AC%EA%B8%B0%EA%B8%B0_4069_%EA%B3%B5%ED%86%B5/LG+TROMM+%EC%8A%A4%ED%83%80%EC%9D%BC%EB%9F%AC+%EA%B4%91%EA%B3%A0+-+Styler+%EC%B2%AD%EB%B0%94%EC%A7%80+%ED%8E%B8+(TVCF+30%EC%B4%88).mp4
52,lg_스타일러_체크,https://s3.ap-northeast-2.amazonaws.com/sopt-seminar/%EC%9D%98%EB%A5%98%EA%B4%80%EB%A6%AC%EA%B8%B0%EA%B8%B0_4069_%EA%B3%B5%ED%86%B5/LG+TROMM+%EC%8A%A4%ED%83%80%EC%9D%BC%EB%9F%AC+%E2%80%93+%EC%9D%98%EB%A5%98%EA%B4%80%EB%A6%AC+%EC%B2%B4%ED%81%AC%EB%A6%AC%EC%8A%A4%ED%8A%B8+%ED%8E%B8+%EA%B4%91%EA%B3%A0.mp4
53,삼성_에어드레서_1,https://s3.ap-northeast-2.amazonaws.com/sopt-seminar/%EC%9D%98%EB%A5%98%EA%B4%80%EB%A6%AC%EA%B8%B0%EA%B8%B0_4069_%EA%B3%B5%ED%86%B5/%EC%9D%98%EB%A5%98%EC%B2%AD%EC%A0%95%EA%B8%B0+%EC%82%BC%EC%84%B1+%EC%97%90%EC%96%B4%EB%93%9C%EB%A0%88%EC%84%9C+%EC%86%8C%EA%B0%9C+%EC%98%81%EC%83%81.mp4
54,삼성_에어드레서_2,https://s3.ap-northeast-2.amazonaws.com/sopt-seminar/%EC%9D%98%EB%A5%98%EA%B4%80%EB%A6%AC%EA%B8%B0%EA%B8%B0_4069_%EA%B3%B5%ED%86%B5/%EC%A7%84%EC%A0%95%ED%95%9C+%EC%9D%98%EB%A5%98+%EC%B2%AD%EC%A0%95+%EC%82%BC%EC%84%B1+%EC%97%90%EC%96%B4%EB%93%9C%EB%A0%88%EC%84%9C+CF.mp4
55,요기요_맛집편,https://s3.ap-northeast-2.amazonaws.com/sopt-seminar/%EC%9D%8C%EC%8B%9D%EB%B0%B0%EB%8B%AC_1318_1939_%EC%97%AC%EC%9E%90/%5B%EC%9A%94%EA%B8%B0%EC%9A%94+%EA%B4%91%EA%B3%A0-CF%5D+%EC%A6%90%EA%B1%B0%EC%9B%80%EC%9D%80+%EC%9A%94%EA%B8%B0%EB%B6%80%ED%84%B0+%23%EB%A7%9B%EC%A7%91%ED%8E%B8+11%EC%B4%88+ver.+(feat.%EC%84%A0%EB%AF%B8)_12%EC%9B%94.mp4
56,배달통,https://sopt-seminar.s3.ap-northeast-2.amazonaws.com/%EC%9D%8C%EC%8B%9D%EB%B0%B0%EB%8B%AC_1318_1939_%EC%97%AC%EC%9E%90/%5B%EB%B0%B0%EB%8B%AC%ED%86%B5+%EA%B4%91%EA%B3%A0-CF%5D+%EA%B0%84%ED%8E%B8%ED%95%98%EA%B2%8C+%EC%8B%9C%EC%BC%9C%EB%A8%B9%EC%9E%90!+%EB%B0%B0%EB%8B%AC%ED%86%B5+%23%EA%B6%81%EA%B8%88%ED%95%B4%ED%8E%B8+(feat.%EA%B9%80%EC%A4%80%ED%98%84).mp4
57,"배달의 민족_치킨",https://s3.ap-northeast-2.amazonaws.com/sopt-seminar/%EC%9D%8C%EC%8B%9D%EB%B0%B0%EB%8B%AC_1318_1939_%EC%97%AC%EC%9E%90/%5B%EB%B0%B0%EB%8B%AC%EC%9D%98%EB%AF%BC%EC%A1%B1%5D+%EC%98%A4%EB%8A%98%EC%9D%80+%EC%B9%98%ED%82%A8%EC%9D%B4+%EB%95%A1%EA%B8%B4%EB%8B%A4+(%EC%9D%B4%EC%96%B4%ED%8F%B0+%ED%95%84%EC%88%98).mp4
58,"배달의 민족_수상작",https://s3.ap-northeast-2.amazonaws.com/sopt-seminar/%EC%9D%8C%EC%8B%9D%EB%B0%B0%EB%8B%AC_1318_1939_%EC%97%AC%EC%9E%90/%5B%EB%B0%B0%EB%8B%AC%EC%9D%98%EB%AF%BC%EC%A1%B1%5D+2018+%EB%B0%B0%EB%AF%BC%EC%8B%A0%EC%B6%98%EB%AC%B8%EC%98%88+%EC%88%98%EC%83%81%EC%9E%91+%EB%AA%A8%EC%9D%8C+2%ED%8E%B8.mp4
59,ok저축은행,https://s3.ap-northeast-2.amazonaws.com/sopt-seminar/%EC%9D%80%ED%96%89_4069_%EB%82%A8%EC%9E%90/OK%EC%A0%80%EC%B6%95%EC%9D%80%ED%96%89_%EA%B8%88%EC%9C%B5%EA%B4%B4%EC%88%98+%E2%80%98%EA%B3%A0%EC%A7%88%EB%9F%AC%E2%80%99+%ED%8E%B8+30%EC%B4%88.mp4
60,ibk기업은행,https://s3.ap-northeast-2.amazonaws.com/sopt-seminar/%EC%9D%80%ED%96%89_4069_%EB%82%A8%EC%9E%90/IBK%EA%B8%B0%EC%97%85%EC%9D%80%ED%96%89+%EA%B8%88%EC%9C%B5%EC%9D%98+%ED%98%81%EC%8B%A0_%EB%8F%99%EB%B0%98%EC%9E%90%EA%B8%88%EC%9C%B5%ED%8E%B8.mp4
61,kb국민은행,https://s3.ap-northeast-2.amazonaws.com/sopt-seminar/%EC%9D%80%ED%96%89_4069_%EB%82%A8%EC%9E%90/%EB%B0%95%EC%84%9C%EC%A4%80(Park+Seo-joon)+KB%EA%B5%AD%EB%AF%BC%EC%9D%80%ED%96%89(KB+Kookmin+Bank)+CF.mp4
62,신한은행,https://s3.ap-northeast-2.amazonaws.com/sopt-seminar/%EC%9D%80%ED%96%89_4069_%EB%82%A8%EC%9E%90/%EB%A7%98%EC%9D%B4+%EC%A7%A0%ED%95%B4%EC%A7%80%EB%8A%94+%EC%8B%A0%ED%95%9C%EC%9D%80%ED%96%89+%EA%B4%91%EA%B3%A0.mp4
63,하나은행_김하온,https://s3.ap-northeast-2.amazonaws.com/sopt-seminar/%EC%9D%80%ED%96%89_4069_%EB%82%A8%EC%9E%90/%5BKEB%ED%95%98%EB%82%98%EC%9D%80%ED%96%89X%EA%B9%80%ED%95%98%EC%98%A8%5D+%EC%B2%AD%EC%B6%98%2C+%EA%B7%B8+%ED%95%98%EB%82%98%ED%95%98%EB%82%98.mp4
64,카카오뱅크,https://s3.ap-northeast-2.amazonaws.com/sopt-seminar/%EC%9D%80%ED%96%89_4069_%EB%82%A8%EC%9E%90/%5B%EC%B9%B4%EC%B9%B4%EC%98%A4%EB%B1%85%ED%81%AC+TV-CF%5D+%EA%B4%91%EA%B3%A0+%EB%B3%BC+%EC%8B%9C%EA%B0%84%EC%97%90.+%EC%9D%80%ED%96%89+%EC%83%81%EB%8B%B4+%ED%8E%B8+(30%EC%B4%88).mp4
65,우루사,https://s3.ap-northeast-2.amazonaws.com/sopt-seminar/%EC%9C%84%EC%9E%A5%EC%95%BD-%EC%86%8C%ED%99%94%EC%A0%9C-%EB%B3%80%EB%B9%84%EC%95%BD_4069_%EB%82%A8%EC%9E%90/%EC%9C%A4%EC%A2%85%EC%8B%A0+%EC%9A%B0%EB%A3%A8%EC%82%AC%EC%9D%98%ED%9E%98+%EB%8C%80%EC%9B%85%EC%A0%9C%EC%95%BD+%EC%9A%B0%EB%A3%A8%EC%82%AC+CF+30%EC%B4%88.mp4
66,장건강_해피클린,https://s3.ap-northeast-2.amazonaws.com/sopt-seminar/%EC%9C%84%EC%9E%A5%EC%95%BD-%EC%86%8C%ED%99%94%EC%A0%9C-%EB%B3%80%EB%B9%84%EC%95%BD_4069_%EB%82%A8%EC%9E%90/%EC%82%AC%EB%9E%91%EC%9D%B4%EA%B0%80+%EB%B2%8C%EC%8D%A8+%EC%9D%B4%EB%A0%87%EA%B2%8C%EB%82%98+%EB%A7%8E%EC%9D%B4+%EC%BB%B8%EB%84%A4+CF+%EA%B4%91%EA%B3%A0+%EC%B6%94%EC%84%B1%ED%9B%88%2C+%EC%B6%94%EC%82%AC%EB%9E%91+%ED%95%B4%ED%94%BC%ED%81%B4%EB%A6%B0+%EC%9E%A5%EA%B1%B4%EA%B0%95+%ED%8E%B8+30s+2018.mp4
67,소화제_베아제,https://s3.ap-northeast-2.amazonaws.com/sopt-seminar/%EC%9C%84%EC%9E%A5%EC%95%BD-%EC%86%8C%ED%99%94%EC%A0%9C-%EB%B3%80%EB%B9%84%EC%95%BD_4069_%EB%82%A8%EC%9E%90/%EB%8C%80%EC%9B%85%EC%A0%9C%EC%95%BD+%EB%B2%A0%EC%95%84%EC%A0%9C+CF_Bearse+30B_%EC%8B%AC%EC%9D%98%E5%AE%8C.mp4
68,변비약_윌,https://s3.ap-northeast-2.amazonaws.com/sopt-seminar/%EC%9C%84%EC%9E%A5%EC%95%BD-%EC%86%8C%ED%99%94%EC%A0%9C-%EB%B3%80%EB%B9%84%EC%95%BD_4069_%EB%82%A8%EC%9E%90/%5B%ED%95%98%EC%A0%95%EC%9A%B0%5D+%ED%94%84%EB%A1%9C%EC%A0%9D%ED%8A%B8%EC%9C%8C+%EA%B4%91%EA%B3%A0+%ED%8F%AC%EC%9E%A5%EB%A7%88%EC%B0%A8+%EB%B2%84%EC%A0%84.mp4
69,소화제_카베진,https://s3.ap-northeast-2.amazonaws.com/sopt-seminar/%EC%9C%84%EC%9E%A5%EC%95%BD-%EC%86%8C%ED%99%94%EC%A0%9C-%EB%B3%80%EB%B9%84%EC%95%BD_4069_%EB%82%A8%EC%9E%90/%5B%EC%B9%B4%EB%B2%A0%EC%A7%84+%EC%BD%94%EC%99%80S%5D+%EC%A7%80%EC%B9%98%EA%B3%A0+%ED%9E%98%EB%93%A0+%EC%9C%84%EB%A5%BC+%EC%9C%84%ED%95%98%EC%97%AC!+%EC%A7%81%EC%9E%A5%EC%9D%98+%EC%93%B4%EB%A7%9B+%ED%8E%B8+(2018-1457-002801).mp4
70,애니_래빗스쿨,https://s3.ap-northeast-2.amazonaws.com/sopt-seminar/%EC%9B%B9%EC%BD%98%ED%85%90%EC%B8%A0_0112_%EA%B3%B5%ED%86%B5/%5B%EB%9E%98%EB%B9%97+%EC%8A%A4%EC%BF%A8%5D+30%EC%B4%88+%EC%98%88%EA%B3%A0%ED%8E%B8(11%EC%9B%94+23%EC%9D%BC+%EB%8C%80%EA%B0%9C%EB%B4%89).mp4
71,애니_뽀로로,https://s3.ap-northeast-2.amazonaws.com/sopt-seminar/%EC%9B%B9%EC%BD%98%ED%85%90%EC%B8%A0_0112_%EA%B3%B5%ED%86%B5/2019_%ED%8C%94%EB%8F%84+%EB%BD%80%EB%A1%9C%EB%A1%9C+%EC%9B%8C%ED%84%B0%EC%A0%A4%EB%A6%AC+%EC%AA%BC_%EC%98%A5+song.mp4
72,애니_런닝맨,https://s3.ap-northeast-2.amazonaws.com/sopt-seminar/%EC%9B%B9%EC%BD%98%ED%85%90%EC%B8%A0_0112_%EA%B3%B5%ED%86%B5/%5B%EB%9F%B0%EB%8B%9D%EB%A7%A8+%EC%8B%9C%EC%A6%8C2%5D+13%ED%99%94+%EC%98%88%EA%B3%A0%ED%8E%B8+_+RunningMan+Animation+S2+Trailer.mp4
73,장난감_터닝메카드,https://s3.ap-northeast-2.amazonaws.com/sopt-seminar/%EC%9B%B9%EC%BD%98%ED%85%90%EC%B8%A0_0112_%EA%B3%B5%ED%86%B5/%5B%EC%99%84%EA%B5%AC+CF%5D+%ED%84%B0%EB%8B%9D%EB%A9%94%EC%B9%B4%EB%93%9C+%E2%80%93+%EC%97%90%EB%B0%98%ED%82%B9+_+%EC%BC%84%ED%83%80%EC%8A%A4%EC%BD%98.mp4
74,이니스프리_톤업,https://s3.ap-northeast-2.amazonaws.com/sopt-seminar/%EC%97%AC%EC%84%B1%EC%9A%A9%ED%99%94%EC%9E%A5%ED%92%88_1939_4069_%EC%97%AC%EC%9E%90/%ED%81%AC%EB%A6%BC+%ED%95%98%EB%82%98%EB%A1%9C+%23%EB%B2%9A%EA%BD%83%ED%86%A4+%ED%94%BC%EB%B6%80%2C+%EB%A6%AC%EC%96%BC%EC%9D%B4%EB%8B%88.mp4
75,xyz보습크림_식빵,https://s3.ap-northeast-2.amazonaws.com/sopt-seminar/%EC%97%AC%EC%84%B1%EC%9A%A9%ED%99%94%EC%9E%A5%ED%92%88_1939_4069_%EC%97%AC%EC%9E%90/%EB%B3%B4%EC%8A%B5%ED%81%AC%EB%A6%BC%2C+%EB%B3%B4%EC%8A%B5+%EB%81%9D%ED%8C%90%EC%99%95+XYZ%ED%81%AC%EB%A6%BC-%EC%8B%9D%EB%B9%B5%ED%8E%B8.mp4
76,xyz보습크림_사과,https://s3.ap-northeast-2.amazonaws.com/sopt-seminar/%EC%97%AC%EC%84%B1%EC%9A%A9%ED%99%94%EC%9E%A5%ED%92%88_1939_4069_%EC%97%AC%EC%9E%90/%EB%B3%B4%EC%8A%B5%ED%81%AC%EB%A6%BC%2C+%EB%B3%B4%EC%8A%B5+%EB%81%9D%ED%8C%90%EC%99%95+XYZ%ED%81%AC%EB%A6%BC-%EC%82%AC%EA%B3%BC%ED%8E%B8.mp4
77,화이트캣_두리안,https://s3.ap-northeast-2.amazonaws.com/sopt-seminar/%EC%97%AC%EC%84%B1%EC%9A%A9%ED%99%94%EC%9E%A5%ED%92%88_1939_4069_%EC%97%AC%EC%9E%90/%5B%ED%99%94%EC%9D%B4%ED%8A%B8%EC%BA%A3%5D+%EB%91%90%EB%A6%AC%EC%95%88+%ED%93%A8%EC%96%B4%ED%9E%90%EB%A7%81+%EC%8A%A4%ED%82%A8%EC%BC%80%EC%96%B4+TV%EA%B4%91%EA%B3%A0+30_.mp4
78,수려한수분크림,https://s3.ap-northeast-2.amazonaws.com/sopt-seminar/%EC%97%AC%EC%84%B1%EC%9A%A9%ED%99%94%EC%9E%A5%ED%92%88_1939_4069_%EC%97%AC%EC%9E%90/%5B%EC%88%98%EB%A0%A4%ED%95%9C%5D%EC%88%98%EB%B6%84%EC%83%98%ED%81%AC%EB%A6%BC+CF.mp4
79,리더스_클렌징,https://s3.ap-northeast-2.amazonaws.com/sopt-seminar/%EC%97%AC%EC%84%B1%EC%9A%A9%ED%99%94%EC%9E%A5%ED%92%88_1939_4069_%EC%97%AC%EC%9E%90/%5B%EB%A6%AC%EB%8D%94%EC%8A%A4%EC%BD%94%EC%8A%A4%EB%A9%94%ED%8B%B1%5D+%ED%81%B4%EB%A0%8C%EC%A7%95+%EC%86%94%EB%A3%A8%EC%85%98%2C+%EC%B9%B4%EB%B0%8D%ED%81%B4%EB%A6%AC%EC%96%B4+%EB%B0%80%ED%81%AC+%ED%95%84+%ED%81%B4%EB%A0%8C%EC%A6%88+%EB%B0%A4+-+%EB%82%AEver+(TV%EA%B4%91%EA%B3%A0_30_).mp4
80,화장품_글로우픽,https://s3.ap-northeast-2.amazonaws.com/sopt-seminar/%EC%97%AC%EC%84%B1%EC%9A%A9%ED%99%94%EC%9E%A5%ED%92%88_1939_4069_%EC%97%AC%EC%9E%90/%5B%EA%B8%80%EB%A1%9C%EC%9A%B0%ED%94%BD%5D+%EB%AA%A8%EC%B0%8C%ED%94%BC%EC%B9%98+%EC%95%85%EB%8F%99%EB%AE%A4%EC%A7%80%EC%85%98+%EC%88%98%ED%98%84+TVCF+%EC%82%AC%EC%9A%94%EB%A7%88%EC%9A%94+-+%EC%8A%A4%ED%82%A8%EC%BC%80%EC%96%B4%ED%8E%B8.mp4
81,캐리어에어컨,https://s3.ap-northeast-2.amazonaws.com/sopt-seminar/%EC%97%90%EC%96%B4%EC%BB%A8_4069_%EC%97%AC%EC%9E%90/%EC%BA%90%EB%A6%AC%EC%96%B4+%EC%9D%B8%EA%B3%B5%EC%A7%80%EB%8A%A5+18%EB%8B%A8+%EC%97%90%EC%96%B4%EC%BB%A8.mp4
82,경동나비엔_온수매트,https://s3.ap-northeast-2.amazonaws.com/sopt-seminar/%EC%97%90%EC%96%B4%EC%BB%A8_4069_%EC%97%AC%EC%9E%90/%5B%EA%B2%BD%EB%8F%99%EB%82%98%EB%B9%84%EC%97%94+%EC%98%A8%EC%88%98%EB%A7%A4%ED%8A%B8%5D+%EC%98%A8%EC%88%98%EC%9D%98+%ED%9E%98%EC%9D%84+%EB%AF%BF%EC%9C%BC%EB%8B%88%EA%B9%8C.+2019%EB%85%84%ED%98%95+%EB%82%98%EB%B9%84%EC%97%94+%EB%A9%94%EC%9D%B4%ED%8A%B8+TV-CF.mp4
83,k2패딩,https://s3.ap-northeast-2.amazonaws.com/sopt-seminar/%EC%95%84%EC%9B%83%EB%8F%84%EC%96%B4_4069_%EB%82%A8%EC%9E%90/Jung+Hae+In(%EC%A0%95%ED%95%B4%EC%9D%B8)+-+K2+Ghost(%EA%B3%A0%EC%8A%A4%ED%8A%B8)+TV+CF.mp4
84,"아이더 패딩",https://s3.ap-northeast-2.amazonaws.com/sopt-seminar/%EC%95%84%EC%9B%83%EB%8F%84%EC%96%B4_4069_%EB%82%A8%EC%9E%90/%EC%95%84%EC%9D%B4%EB%8D%94+18FW+%EA%B2%A8%EC%9A%B8+TVCF+%EB%B0%95%EB%B3%B4%EA%B2%80+%E2%80%98%EB%B3%84+%EB%B3%B4%EB%9F%AC+%EA%B0%80%EC%9E%90%E2%80%99+%EB%AE%A4%EC%A7%81%EB%B9%84%EB%94%94%EC%98%A4+ver.+B.webm
85,레드페이스_등산,https://s3.ap-northeast-2.amazonaws.com/sopt-seminar/%EC%95%84%EC%9B%83%EB%8F%84%EC%96%B4_4069_%EB%82%A8%EC%9E%90/%EC%95%84%EC%9B%83%EB%8F%84%EC%96%B4+%EB%A0%88%EB%93%9C%ED%8E%98%EC%9D%B4%EC%8A%A4+2018+FW%EC%8B%9C%EC%A6%8C+%EB%B8%8C%EB%9E%9C%EB%93%9C+%EC%BA%A0%ED%8E%98%EC%9D%B8+%ED%95%84%EB%A6%84.mp4
86,lpga_골프웨어,https://s3.ap-northeast-2.amazonaws.com/sopt-seminar/%EC%95%84%EC%9B%83%EB%8F%84%EC%96%B4_4069_%EB%82%A8%EC%9E%90/CF+%EA%B4%91%EA%B3%A0+%ED%95%9C%ED%98%9C%EC%A7%84+LPGA%EA%B3%A8%ED%94%84%EC%9B%A8%EC%96%B4+%ED%95%9C%ED%98%9C%EC%A7%84%ED%8E%B8++30s++2017.mp4
87,노스페이스_등산,https://s3.ap-northeast-2.amazonaws.com/sopt-seminar/%EC%95%84%EC%9B%83%EB%8F%84%EC%96%B4_4069_%EB%82%A8%EC%9E%90/%EC%86%8C%EC%A7%80%EC%84%AD(So+Ji-sub)+%EB%85%B8%EC%8A%A4%ED%8E%98%EC%9D%B4%EC%8A%A4(The+North+Face)+CF+%233.mp4
88,renoma_골프웨어,https://s3.ap-northeast-2.amazonaws.com/sopt-seminar/%EC%95%84%EC%9B%83%EB%8F%84%EC%96%B4_4069_%EB%82%A8%EC%9E%90/%EB%A0%88%EB%85%B8%EB%A7%88%EC%8A%A4%ED%8F%AC%EC%B8%A0+2016+FW.mp4
89,marrel패딩,https://s3.ap-northeast-2.amazonaws.com/sopt-seminar/%EC%95%84%EC%9B%83%EB%8F%84%EC%96%B4_4069_%EB%82%A8%EC%9E%90/%5B%EB%A8%B8%EB%A0%90%5D+17FW+%EC%9B%A8%EC%9D%B4%EC%B8%A0%ED%95%84%EB%93%9C+%EB%8B%A4%EC%9A%B4+TVCF+30%EC%B4%88+%EC%98%81%EC%83%81.mp4
90,"네셔널지오그래픽 패딩",https://s3.ap-northeast-2.amazonaws.com/sopt-seminar/%EC%95%84%EC%9B%83%EB%8F%84%EC%96%B4_4069_%EB%82%A8%EC%9E%90/%5B%EB%82%B4%EC%85%94%EB%84%90%EC%A7%80%EC%98%A4%EA%B7%B8%EB%9E%98%ED%94%BD+%EC%96%B4%ED%8C%A8%EB%9F%B4%5D+18FW+CF+%EC%B9%B4%EC%9D%B4%EB%A7%8C+%EC%97%91%EC%8A%A4+%EB%A1%B1%ED%8C%A8%EB%94%A9+%ED%95%9C%ED%98%84%EB%AF%BC+%EC%98%81%EC%83%81.mp4
91,롯데카드,https://s3.ap-northeast-2.amazonaws.com/sopt-seminar/%EC%8B%A0%EC%9A%A9%EC%B9%B4%EB%93%9C_4069_%EB%82%A8%EC%9E%90/%EB%A1%AF%EB%8D%B0%EC%B9%B4%EB%93%9C+LiFE+-+QRpay+(QR%ED%8E%98%EC%9D%B4)+30_.mp4
92,삼성카드,https://s3.ap-northeast-2.amazonaws.com/sopt-seminar/%EC%8B%A0%EC%9A%A9%EC%B9%B4%EB%93%9C_4069_%EB%82%A8%EC%9E%90/%5B%EC%A6%90%EA%B8%B0%EC%9E%90%2C+%EC%8B%A4%EC%9A%A9%5D+%EC%88%AB%EC%9E%90%EC%B9%B4%EB%93%9C+V2+%EC%9C%A0%ED%95%B4%EC%A7%84%ED%8E%B8.mp4
93,현대카드,https://s3.ap-northeast-2.amazonaws.com/sopt-seminar/%EC%8B%A0%EC%9A%A9%EC%B9%B4%EB%93%9C_4069_%EB%82%A8%EC%9E%90/%5B2019%5D+%ED%98%84%EB%8C%80%EC%B9%B4%EB%93%9C+%EB%A7%8C%EB%82%A8%ED%8E%B8.mp4
94,뉴발란스_신발_1,https://s3.ap-northeast-2.amazonaws.com/sopt-seminar/%EC%8A%A4%ED%8F%AC%EC%B8%A0%EC%BA%90%EC%A3%BC%EC%96%BC_1318_1939_4069_%EB%82%A8%EC%9E%90/NB+RWT+RUNNING+(Right+WeighT+Running).mp4
95,뉴발란스_신발_2,https://s3.ap-northeast-2.amazonaws.com/sopt-seminar/%EC%8A%A4%ED%8F%AC%EC%B8%A0%EC%BA%90%EC%A3%BC%EC%96%BC_1318_1939_4069_%EB%82%A8%EC%9E%90/New+Balance+MT510+v4.mp4
96,데상트_신발,https://s3.ap-northeast-2.amazonaws.com/sopt-seminar/%EC%8A%A4%ED%8F%AC%EC%B8%A0%EC%BA%90%EC%A3%BC%EC%96%BC_1318_1939_4069_%EB%82%A8%EC%9E%90/DESCENTE+RUNNING+ENERZITE+TVCF+(30s).mp4
97,휠라_신발,https://s3.ap-northeast-2.amazonaws.com/sopt-seminar/%EC%8A%A4%ED%8F%AC%EC%B8%A0%EC%BA%90%EC%A3%BC%EC%96%BC_1318_1939_4069_%EB%82%A8%EC%9E%90/2019+S_S+FILA+Heritage+with+%EA%B9%80%EC%9C%A0%EC%A0%95.mp4
98,호텔스컴바인_1,https://s3.ap-northeast-2.amazonaws.com/sopt-seminar/%EC%88%99%EB%B0%95%EC%96%B4%ED%94%8C_1939_%EA%B3%B5%ED%86%B5/Seo+Hyun+Jin+New+CF+HotelsCombined+Korea+App.mp4
99,호텔컴바인_2,https://s3.ap-northeast-2.amazonaws.com/sopt-seminar/%EC%88%99%EB%B0%95%EC%96%B4%ED%94%8C_1939_%EA%B3%B5%ED%86%B5/%ED%98%B8%ED%85%94%EC%8A%A4%EC%BB%B4%EB%B0%94%EC%9D%B8+%EB%B0%95%EC%84%9C%EC%A4%80+%EA%B2%80%EC%83%89%EB%9F%89%ED%8E%B8.mp4
100,호텔스컴바인_3(곰돌이),https://s3.ap-northeast-2.amazonaws.com/sopt-seminar/%EC%88%99%EB%B0%95%EC%96%B4%ED%94%8C_1939_%EA%B3%B5%ED%86%B5/%ED%98%B8%ED%85%94%EC%8A%A4%EC%BB%B4%EB%B0%94%EC%9D%B8+-+%EB%A7%A5%EC%8A%A4%EC%9D%98+%EA%BF%88.mp4
101,야놀자,https://s3.ap-northeast-2.amazonaws.com/sopt-seminar/%EC%88%99%EB%B0%95%EC%96%B4%ED%94%8C_1939_%EA%B3%B5%ED%86%B5/%5B%EC%B4%88%ED%8A%B9%EA%B0%80+%EC%95%BC%EB%86%80%EC%9E%90+%EC%8B%9C%EC%A6%8C2%5D+%EC%98%AC+%EA%B2%A8%EC%9A%B8%EB%8F%84+%EB%86%80%EC%95%84%EB%B3%BC%EA%B9%8C.mp4
102,트리바고_숙박,https://s3.ap-northeast-2.amazonaws.com/sopt-seminar/%EC%88%99%EB%B0%95%EC%96%B4%ED%94%8C_1939_%EA%B3%B5%ED%86%B5/%EB%AF%B8%EC%8A%A4%ED%84%B0+%ED%8A%B8%EB%A6%AC%EB%B0%94%EA%B3%A0+30%EC%B4%88+%EB%B2%84%EC%A0%84+-+%EC%97%90%EB%A6%AD%EB%82%A8.mp4
103,lg_트윈위시,https://s3.ap-northeast-2.amazonaws.com/sopt-seminar/%EC%84%B8%ED%83%81%EA%B8%B0_4069_%EA%B3%B5%ED%86%B5/LG+TROMM+%ED%8A%B8%EC%9C%88%EC%9B%8C%EC%8B%9C+-+1%EB%93%B1+%ED%8E%B8+%EA%B4%91%EA%B3%A0.mp4
104,"lg_시그니처 세탁기",https://s3.ap-northeast-2.amazonaws.com/sopt-seminar/%EC%84%B8%ED%83%81%EA%B8%B0_4069_%EA%B3%B5%ED%86%B5/LG+SIGNATURE+%EC%84%B8%ED%83%81%EA%B8%B0+-+%EA%B9%A8%EB%81%97%ED%95%A8+%EC%9C%84%EC%9D%98+%EA%B9%A8%EB%81%97%ED%95%A8+%ED%8E%B8+%EA%B4%91%EA%B3%A0.mp4
105,"lg_트롬 꼬망스",https://s3.ap-northeast-2.amazonaws.com/sopt-seminar/%EC%84%B8%ED%83%81%EA%B8%B0_4069_%EA%B3%B5%ED%86%B5/LG+%EC%A0%84%EC%9E%90+TV+CF+-+LG%ED%8A%B8%EB%A1%AC+(LG+TROM)+%EB%AF%B8%EB%8B%88%EC%84%B8%ED%83%81%EA%B8%B0+%EA%BC%AC%EB%A7%9D%EC%8A%A4.mp4
106,"삼성 건조기",https://s3.ap-northeast-2.amazonaws.com/sopt-seminar/%EC%84%B8%ED%83%81%EA%B8%B0_4069_%EA%B3%B5%ED%86%B5/%EC%9E%90%EC%97%B0%EC%9D%98+%EC%A2%8B%EC%9D%80+%EA%B1%B4%EC%A1%B0+%EC%82%BC%EC%84%B1+%EA%B1%B4%EC%A1%B0%EA%B8%B0+%EA%B7%B8%EB%9E%91%EB%8D%B0+CF.mp4
107,"삼성 플렉스 워시",https://s3.ap-northeast-2.amazonaws.com/sopt-seminar/%EC%84%B8%ED%83%81%EA%B8%B0_4069_%EA%B3%B5%ED%86%B5/%EA%B5%AD%EB%82%B4+%EC%9C%A0%EC%9D%BC+%EC%9D%BC%EC%B2%B4%ED%98%95+%EC%98%AC%EC%9D%B8%EC%9B%90+%EC%84%B8%ED%83%81%EA%B8%B0+%EC%82%BC%EC%84%B1+%ED%94%8C%EB%A0%89%EC%8A%A4%EC%9B%8C%EC%8B%9C+CF.mp4
108,ts샴푸,https://s3.ap-northeast-2.amazonaws.com/sopt-seminar/%EC%83%B4%ED%91%B8_4069_%EC%97%AC%EC%9E%90/TS%EC%83%B4%ED%91%B8+TV%EA%B4%91%EA%B3%A0+%EC%98%81%EC%83%81+(%EB%AA%A8%EB%8D%B8+%EC%86%A1%EC%A7%80%ED%9A%A8+%EA%B1%B4%EA%B0%95%ED%95%9C+%EB%A8%B8%EB%A6%AC%ED%8E%B8).mp4
109,"케라시스 앰플샴푸",https://s3.ap-northeast-2.amazonaws.com/sopt-seminar/%EC%83%B4%ED%91%B8_4069_%EC%97%AC%EC%9E%90/%5B%EC%BC%80%EB%9D%BC%EC%8B%9C%EC%8A%A4%5D+%EC%BC%80%EB%9D%BC%EC%8B%9C%EC%8A%A4+%EC%96%B4%EB%93%9C%EB%B0%B4%EC%8A%A4%EB%93%9C+%EC%95%B0%ED%94%8C%EC%83%B4%ED%91%B8+AD+30.mp4
110,"엘라스틴 샴푸",https://s3.ap-northeast-2.amazonaws.com/sopt-seminar/%EC%83%B4%ED%91%B8_4069_%EC%97%AC%EC%9E%90/%5B%EC%97%98%EB%9D%BC%EC%8A%A4%ED%8B%B4%5D+%EA%B0%95%EA%B7%A0%EC%84%B1%2C+%EA%B9%80%ED%83%9C%ED%9D%AC+%EB%A8%B8%EB%A6%BF%EA%B2%B0%EC%97%90+%EB%8F%84%EC%A0%84!+%EC%97%98%EB%9D%BC%EC%8A%A4%ED%8B%B4+%ED%96%88%EC%96%B4%EC%9A%94_(%EC%9D%B8%ED%84%B0%EB%B7%B0).mp4
111,"댕기머리 샴푸",https://s3.ap-northeast-2.amazonaws.com/sopt-seminar/%EC%83%B4%ED%91%B8_4069_%EC%97%AC%EC%9E%90/%5B%EB%8C%95%EA%B8%B0%EB%A8%B8%EB%A6%AC+%EC%83%B4%ED%91%B8+%C3%97+%EC%84%9C%ED%98%84%EC%A7%84%5D+%EB%91%90%EA%B7%BC%EB%91%90%EA%B7%BC+20%EB%85%84+TV+CF.mp4
112,게임_클래시오브클랜,https://s3.ap-northeast-2.amazonaws.com/sopt-seminar/%EB%AA%A8%EB%B0%94%EC%9D%BC%EA%B2%8C%EC%9E%84_1318_%EA%B3%B5%ED%86%B5/%ED%81%B4%EB%9E%98%EC%8B%9C+%EC%98%A4%EB%B8%8C+%ED%81%B4%EB%9E%9C-+%ED%81%B4%EB%9E%9C%EC%A0%84+%EB%A6%AC%EA%B7%B8%EB%A5%BC+%EC%A4%80%EB%B9%84%ED%95%98%EC%84%B8%EC%9A%94!.mp4
113,게임_배그,https://s3.ap-northeast-2.amazonaws.com/sopt-seminar/%EB%AA%A8%EB%B0%94%EC%9D%BC%EA%B2%8C%EC%9E%84_1318_%EA%B3%B5%ED%86%B5/%EB%B0%B0%ED%8B%80%EA%B7%B8%EB%9D%BC%EC%9A%B4%EB%93%9C+%EB%AA%A8%EB%B0%94%EC%9D%BC+TVCF+(%EA%B2%80%EB%AC%B8%EC%86%8C%ED%8E%B8).mp4
114,게임_크아,https://s3.ap-northeast-2.amazonaws.com/sopt-seminar/%EB%AA%A8%EB%B0%94%EC%9D%BC%EA%B2%8C%EC%9E%84_1318_%EA%B3%B5%ED%86%B5/%5B%ED%81%AC%EC%95%84M%5D+%EC%8B%A0%EB%82%98%EA%B2%8C+%ED%84%B0%ED%8A%B8%EB%A0%A4%EB%B3%BC%EA%B9%8C+%EC%A7%80%EA%B8%88+%EB%B0%94%EB%A1%9C+%EB%8B%A4%EC%9A%B4%EB%A1%9C%EB%93%9C!.mp4
115,게임_몬스터길들이기,https://s3.ap-northeast-2.amazonaws.com/sopt-seminar/%EB%AA%A8%EB%B0%94%EC%9D%BC%EA%B2%8C%EC%9E%84_1318_%EA%B3%B5%ED%86%B5/%5B%EC%8A%A4%EB%A7%88%ED%8A%B8%ED%8F%B0%EA%B2%8C%EC%9E%84%5D+%EB%8C%80%EC%84%B8%EA%B2%8C%EC%9E%84+%EB%AA%AC%EC%8A%A4%ED%84%B0%EA%B8%B8%EB%93%A4%EC%9D%B4%EA%B8%B0+TV%EA%B4%91%EA%B3%A0%EC%98%81%EC%83%81.mp4
116,게임_검은사막,https://s3.ap-northeast-2.amazonaws.com/sopt-seminar/%EB%AA%A8%EB%B0%94%EC%9D%BC%EA%B2%8C%EC%9E%84_1318_%EA%B3%B5%ED%86%B5/%5B%EA%B2%80%EC%9D%80%EC%82%AC%EB%A7%89+%EB%AA%A8%EB%B0%94%EC%9D%BC%5D+1%EC%A3%BC%EB%85%84+%EC%97%85%EB%8D%B0%EC%9D%B4%ED%8A%B8+(Black+Desert+Mobile+-+1st+Anniversary).mp4
117,맥주_맥스,https://s3.ap-northeast-2.amazonaws.com/sopt-seminar/%EB%A7%A5%EC%A3%BC_1939_4069_%EB%82%A8%EC%9E%90/%EB%A7%A5%EC%8A%A4+-+%ED%95%98%EC%A0%95%EC%9A%B0%2C+%EA%B9%8A%EC%9D%80+%EB%A7%9B%EC%9D%98+%ED%81%B4%EB%9D%BC%EC%9D%B4%EB%A7%A5%EC%8A%A4+(20_).mp4
118,맥주_클라우드,https://s3.ap-northeast-2.amazonaws.com/sopt-seminar/%EB%A7%A5%EC%A3%BC_1939_4069_%EB%82%A8%EC%9E%90/%EA%B5%AC%EB%A6%84%EA%B0%99%EC%9D%B4+%ED%92%8D%EB%B6%80%ED%95%9C+%EA%B1%B0%ED%92%88%2C+%EB%A6%AC%EC%96%BC%EB%A7%A5%EC%A3%BC+Kloud.mp4
119,맥주_flite,https://s3.ap-northeast-2.amazonaws.com/sopt-seminar/%EB%A7%A5%EC%A3%BC_1939_4069_%EB%82%A8%EC%9E%90/190302+%EC%97%90%EC%8A%A4%EC%97%90%ED%94%84%EB%82%98%EC%9D%B8+%EB%A1%9C%EC%9A%B4+%EB%8B%A8%EB%8F%85%EC%9C%BC%EB%A1%9C+%EB%A7%A5%EC%A3%BC%EA%B4%91%EA%B3%A0%EC%B4%AC%EC%98%81+SF9+Rowoon+solo+beer+ad.mp4
120,맥주_레드락,https://s3.ap-northeast-2.amazonaws.com/sopt-seminar/%EB%A7%A5%EC%A3%BC_1939_4069_%EB%82%A8%EC%9E%90/%5B%EB%A0%88%EB%93%9C%EB%9D%BD%5D+Red+Rock_%EC%96%B8%EC%A0%9C%EA%B9%8C%EC%A7%80+%EB%B0%8D%EB%B0%8D%ED%95%9C+%EB%9D%BC%EA%B1%B0%EB%A7%8C+%EB%A7%88%EC%8B%A4%EB%9E%98.mp4
121,맥주_버니니,https://s3.ap-northeast-2.amazonaws.com/sopt-seminar/%EB%A7%A5%EC%A3%BC_1939_4069_%EB%82%A8%EC%9E%90/_Sparkling+Moments_+%EB%B2%84%EB%8B%88%EB%8B%88+%EB%A7%9E%EC%B6%A4%ED%98%95%EA%B4%91%EA%B3%A0.mp4
122,농심_스파게티,https://s3.ap-northeast-2.amazonaws.com/sopt-seminar/%EB%9D%BC%EB%A9%B4_1318_1939_4069_%EA%B3%B5%ED%86%B5/%EC%8A%A4%ED%8C%8C%EA%B2%8C%ED%8B%B0+%EC%9D%B4%EA%B1%B8%EB%A1%9C+%EB%81%9D!+%EB%86%8D%EC%8B%AC+%EC%8A%A4%ED%8C%8C%EA%B2%8C%ED%8B%B0+tomato+(%EC%96%91%EC%84%B8%EC%B0%AC%2C+%EC%97%B0%EC%9D%B8+%ED%8E%B8).mp4
123,농심_너구리,https://s3.ap-northeast-2.amazonaws.com/sopt-seminar/%EB%9D%BC%EB%A9%B4_1318_1939_4069_%EA%B3%B5%ED%86%B5/%EC%86%90%EB%82%98%EC%9D%80%EC%9D%98+%EB%84%88%EA%B5%AC%EB%A6%AC+%EA%B4%91%EA%B3%A0+New+%EB%B2%84%EC%A0%84+CF+(%EB%A7%88%EC%8A%A4%ED%81%AC%ED%8C%A9%2C+%EC%98%81%ED%99%94%ED%8E%B8).mp4
124,lg_시그니처냉장고_!,https://s3.ap-northeast-2.amazonaws.com/sopt-seminar/%EB%83%89%EC%9E%A5%EA%B3%A0_4069_%EA%B3%B5%ED%86%B5/%EC%83%88%EB%A1%9C%EC%9A%B4+%EC%84%B8%EC%83%81%EC%9D%84+%EC%97%B4%EB%8B%A4+LG+SIGNATURE+%EB%83%89%EC%9E%A5%EA%B3%A0+CF+30%EC%B4%88.mp4
125,lg_dios김치냉장고,https://s3.ap-northeast-2.amazonaws.com/sopt-seminar/%EB%83%89%EC%9E%A5%EA%B3%A0_4069_%EA%B3%B5%ED%86%B5/LG+DIOS+%EA%B9%80%EC%B9%98%ED%86%A1%ED%86%A1+-+%EC%9D%BC%EB%85%84%EB%82%B4%EB%82%B4+%EA%B9%80%EC%B9%98%EC%A0%9C%EC%B2%A0+%ED%8E%B8+%EA%B4%91%EA%B3%A0.mp4
126,lg_시그니처냉장고_2,https://s3.ap-northeast-2.amazonaws.com/sopt-seminar/%EB%83%89%EC%9E%A5%EA%B3%A0_4069_%EA%B3%B5%ED%86%B5/LG+SIGNATURE+%EB%83%89%EC%9E%A5%EA%B3%A0+-+%EB%85%B8%ED%81%AC+%ED%8E%B8+%EA%B4%91%EA%B3%A0(30%EC%B4%88).mp4
127,삼성_냉장고,https://s3.ap-northeast-2.amazonaws.com/sopt-seminar/%EB%83%89%EC%9E%A5%EA%B3%A0_4069_%EA%B3%B5%ED%86%B5/%EC%82%BC%EC%84%B1%EC%A0%84%EC%9E%90+(Samsung+Electronics)+TV+CF+-+%EC%A7%80%ED%8E%A0+(Zipel)+%ED%91%B8%EB%93%9C%EC%87%BC%EC%BC%80%EC%9D%B4%EC%8A%A4+(Food+Showcase).mp4
128,딤채_김치냉장고,https://s3.ap-northeast-2.amazonaws.com/sopt-seminar/%EB%83%89%EC%9E%A5%EA%B3%A0_4069_%EA%B3%B5%ED%86%B5/%5B%EB%94%A4%EC%B1%84%5D+2019%EB%85%84%ED%98%95+The+Original+%EB%94%A4%EC%B1%84+%EA%B4%91%EA%B3%A0(30%EC%B4%88).mp4
129,남성스킨_우르오스,https://s3.ap-northeast-2.amazonaws.com/sopt-seminar/%EB%82%A8%EC%84%B1%EC%9A%A9%ED%99%94%EC%9E%A5%ED%92%88_1939_4069_%EB%82%A8%EC%9E%90/%EC%9A%B0%EB%A5%B4%EC%98%A4%EC%8A%A4+2019+%EC%98%AC%EC%9D%B8%EC%9B%90+%EB%AA%A8%EC%9D%B4%EC%8A%A4%EC%B2%98%EB%9D%BC%EC%9D%B4%EC%A0%80+%EA%B4%91%EA%B3%A0.mp4
130,남성스킨_아이디얼,https://s3.ap-northeast-2.amazonaws.com/sopt-seminar/%EB%82%A8%EC%84%B1%EC%9A%A9%ED%99%94%EC%9E%A5%ED%92%88_1939_4069_%EB%82%A8%EC%9E%90/%EB%82%A8%EC%9E%90+%ED%94%BC%EB%B6%80%EA%B3%A0%EB%AF%BC%2C+7in1%EC%9C%BC%EB%A1%9C+%EC%8B%AC%ED%94%8C%ED%95%98%EA%B3%A0+%EC%99%84%EB%B2%BD%ED%95%98%EA%B2%8C!+%ED%8D%BC%ED%8E%99%ED%8A%B8+%EC%98%AC%EC%9D%B8%EC%9B%90%E2%94%83%EC%95%84%EC%9D%B4%EB%94%94%EC%96%BC+%ED%8F%AC%EB%A7%A8.mp4
131,남성스킨_엠도씨_어항,https://s3.ap-northeast-2.amazonaws.com/sopt-seminar/%EB%82%A8%EC%84%B1%EC%9A%A9%ED%99%94%EC%9E%A5%ED%92%88_1939_4069_%EB%82%A8%EC%9E%90/%5B%EC%97%A0%EB%8F%84%EC%94%A8%5D+%EB%82%A8%EC%84%B1%EC%A0%84%EB%AC%B8%ED%99%94%EC%9E%A5%ED%92%88+%EC%97%A0%EB%8F%84%EC%94%A8+CF+%EC%96%B4%ED%95%AD%ED%8E%B8.mp4
132,남성스킨_라네즈,https://s3.ap-northeast-2.amazonaws.com/sopt-seminar/%EB%82%A8%EC%84%B1%EC%9A%A9%ED%99%94%EC%9E%A5%ED%92%88_1939_4069_%EB%82%A8%EC%9E%90/%5B%EB%9D%BC%EB%84%A4%EC%A6%88+%EC%98%B4%EB%AF%80%5D+%EB%B8%94%EB%A3%A8+%EC%97%90%EB%84%88%EC%A7%80+%EB%B0%95%EC%84%9C%EC%A4%80+%23%EC%9E%98%EC%83%9D%EA%B9%80%ED%8E%B8.mp4
133,남성스킨_엠도씨_정장,https://s3.ap-northeast-2.amazonaws.com/sopt-seminar/%EB%82%A8%EC%84%B1%EC%9A%A9%ED%99%94%EC%9E%A5%ED%92%88_1939_4069_%EB%82%A8%EC%9E%90/%5B%EC%97%A0%EB%8F%84%EC%94%A8%5D+%EB%82%A8%EC%84%B1%EC%A0%84%EB%AC%B8%ED%99%94%EC%9E%A5%ED%92%88+%EC%97%A0%EB%8F%84%EC%94%A8+CF+30_+Ver..mp4
134,이온음료_포카리,https://s3.ap-northeast-2.amazonaws.com/sopt-seminar/%EA%B8%B0%EB%8A%A5%EC%84%B1+%EC%9D%8C%EB%A3%8C+%EA%B4%91%EA%B3%A0_1318_%EB%82%A8%EC%9E%90/2019+%ED%8F%AC%EC%B9%B4%EB%A6%AC%EC%8A%A4%EC%9B%A8%ED%8A%B8-%EC%9D%B4%EC%98%A8%EC%9B%8C%ED%84%B0+%EB%A9%88%EC%B6%94%EC%A7%80+%EC%95%8A%EB%8A%94+%EC%9D%B4%EC%98%A8%EC%9D%98+%ED%9E%98%EC%9C%BC%EB%A1%9C+I.ON_TVCF+-+%ED%8A%B8%EC%99%80%EC%9D%B4%EC%8A%A4(Twice)_30s.mp4
136,이온음료_게토레이,https://s3.ap-northeast-2.amazonaws.com/sopt-seminar/%EA%B8%B0%EB%8A%A5%EC%84%B1+%EC%9D%8C%EB%A3%8C+%EA%B4%91%EA%B3%A0_1318_%EB%82%A8%EC%9E%90/%EA%B2%8C%ED%86%A0%EB%A0%88%EC%9D%B4(GETORADE)+_%EB%82%A8%EC%9E%90+%EB%9F%AC%EB%8B%9D_%ED%8E%B8.mp4
137,관절_호관원,https://s3.ap-northeast-2.amazonaws.com/sopt-seminar/%EA%B4%80%EC%A0%88%EC%95%BD_4069_%EA%B3%B5%ED%86%B5/%EC%9E%90%EC%97%B0%EB%82%B4%EB%A6%BC+%ED%98%B8%EA%B4%80%EC%9B%90%ED%94%84%EB%A6%AC%EB%AF%B8%EC%97%84+30%EC%B4%88CF.mp4
138,관절_씨스팡,https://s3.ap-northeast-2.amazonaws.com/sopt-seminar/%EA%B4%80%EC%A0%88%EC%95%BD_4069_%EA%B3%B5%ED%86%B5/%EC%94%A8%EC%8A%A4%ED%8C%A1+TV+CF+-+30%EC%B4%88.mp4
139,공기청정기_lg퓨리케어,https://s3.ap-northeast-2.amazonaws.com/sopt-seminar/%EA%B3%B5%EA%B8%B0%EC%B2%AD%EC%A0%95%EA%B8%B0_4069_%EC%97%AC%EC%9E%90/LG+%ED%93%A8%EB%A6%AC%EC%BC%80%EC%96%B4+360%EB%8F%84+%EA%B3%B5%EA%B8%B0%EC%B2%AD%EC%A0%95%EA%B8%B0+%EA%B4%91%EA%B3%A0+-+%EB%82%98%EB%AC%B4%EC%B2%98%EB%9F%BC+360%EB%8F%84+(A%ED%8E%B8).mp4
140,공기청정기_웅진,https://s3.ap-northeast-2.amazonaws.com/sopt-seminar/%EA%B3%B5%EA%B8%B0%EC%B2%AD%EC%A0%95%EA%B8%B0_4069_%EC%97%AC%EC%9E%90/%EC%9B%85%EC%A7%84+%EA%B3%B5%EA%B8%B0%EC%B2%AD%EC%A0%95%EA%B8%B0+%EA%B4%91%EA%B3%A0+_+(NO+SKIP+-+30%EC%B4%88).mp4
141,공기청정기_sk매직,https://s3.ap-northeast-2.amazonaws.com/sopt-seminar/%EA%B3%B5%EA%B8%B0%EC%B2%AD%EC%A0%95%EA%B8%B0_4069_%EC%97%AC%EC%9E%90/%EC%8A%A4%EB%A7%88%ED%8A%B8%EB%AA%A8%EC%85%98+%EA%B3%B5%EA%B8%B0%EC%B2%AD%EC%A0%95%EA%B8%B0+CF+%EC%98%81%EC%83%81.mp4
142,공기청정기_삼성큐브,https://s3.ap-northeast-2.amazonaws.com/sopt-seminar/%EA%B3%B5%EA%B8%B0%EC%B2%AD%EC%A0%95%EA%B8%B0_4069_%EC%97%AC%EC%9E%90/%EB%B9%8C%EB%94%A9+%EC%88%B2%2C+%EA%B7%B8+%EC%86%8D%EC%97%90+%EC%A7%84%EC%A7%9C+%EC%88%B2%EC%9D%B4+%EC%9E%88%EB%8B%A4+CF+%EA%B4%91%EA%B3%A0+%EC%82%BC%EC%84%B1+%ED%81%90%EB%B8%8C+%EB%AC%B4%ED%92%8D%EC%B2%AD%EC%A0%95+%ED%8E%B8+45s+2018.mp4
143,건강보조제_얼라이브,https://s3.ap-northeast-2.amazonaws.com/sopt-seminar/%EA%B1%B4%EA%B0%95%EB%B3%B4%EC%A1%B0%EC%A0%9C_4069_%EA%B3%B5%ED%86%B5/%EC%8C%A9%EC%8C%A9%EC%9A%94%EC%A0%95+%EC%A1%B0%EB%B3%B4%EC%95%84%EC%9D%98+%EC%96%BC%EB%9D%BC%EC%9D%B4%EB%B8%8C+%EB%B9%84%ED%83%80%EB%AF%BC+TV+CF.mp4
144,건강보조제_고려은단,https://s3.ap-northeast-2.amazonaws.com/sopt-seminar/%EA%B1%B4%EA%B0%95%EB%B3%B4%EC%A1%B0%EC%A0%9C_4069_%EA%B3%B5%ED%86%B5/%EB%B9%84%ED%83%80%EB%AF%BC+%EA%BD%89!+%EA%B8%B0%EC%9A%B4+%ED%8C%8D!+%EB%A7%88%EC%8B%9C%EB%8A%94+%EA%B3%A0%EB%A0%A4%EC%9D%80%EB%8B%A8+%EB%B9%84%ED%83%80%EB%AF%BCC+1000+CF.mp4
145,건강보조제_오로나민씨,https://s3.ap-northeast-2.amazonaws.com/sopt-seminar/%EA%B1%B4%EA%B0%95%EB%B3%B4%EC%A1%B0%EC%A0%9C_4069_%EA%B3%B5%ED%86%B5/%5B30%EC%B4%88%5D+2019+%EC%98%A4%EB%A1%9C%EB%82%98%EB%AF%BCC+TVCF+_+%ED%97%A8%EB%A6%AC+Henry.mp4
146,건강보조제_아로나민,https://s3.ap-northeast-2.amazonaws.com/sopt-seminar/%EA%B1%B4%EA%B0%95%EB%B3%B4%EC%A1%B0%EC%A0%9C_4069_%EA%B3%B5%ED%86%B5/%5B%EC%95%84%EB%A1%9C%EB%82%98%EB%AF%BC+%EA%B3%A8%EB%93%9C%5D+%EC%9E%AC%EB%AF%B8%EA%B0%80+%EC%97%86%EB%8A%94%EA%B2%8C+%EC%95%84%EB%8B%88%EB%9D%BC+%ED%94%BC%EB%A1%9C%ED%95%9C%EA%B1%B0%EC%97%90%EC%9A%94!.mp4
147,건강보조제_박카스_엄마,https://s3.ap-northeast-2.amazonaws.com/sopt-seminar/%EA%B1%B4%EA%B0%95%EB%B3%B4%EC%A1%B0%EC%A0%9C_4069_%EA%B3%B5%ED%86%B5/%EB%82%98%EB%A5%BC+%EC%95%84%EB%81%BC%EC%9E%90%2C+2018%EB%85%84+%EB%B0%95%EC%B9%B4%EC%8A%A4%EA%B4%91%EA%B3%A0+_%EC%97%84%EB%A7%88_%ED%8E%B8+(30%EC%B4%88).mp4
148,건강보조제_박카스_직장,https://s3.ap-northeast-2.amazonaws.com/sopt-seminar/%EA%B1%B4%EA%B0%95%EB%B3%B4%EC%A1%B0%EC%A0%9C_4069_%EA%B3%B5%ED%86%B5/2016%EB%85%84+3%EC%9B%94+%EB%B0%95%EC%B9%B4%EC%8A%A4+_%EB%82%98%EB%A5%BC+%EC%95%84%EB%81%BC%EC%9E%90_+%EA%B4%91%EA%B3%A0+%EC%BD%9C%EC%84%BC%ED%84%B0%ED%8E%B8.mp4
149,건강보조제_박카스_아빠,https://s3.ap-northeast-2.amazonaws.com/sopt-seminar/%EA%B1%B4%EA%B0%95%EB%B3%B4%EC%A1%B0%EC%A0%9C_4069_%EA%B3%B5%ED%86%B5/%EB%B0%95%EC%B9%B4%EC%8A%A4CF_%EB%8C%80%ED%95%9C%EB%AF%BC%EA%B5%AD%EC%97%90%EC%84%9C+%EC%95%84%EB%B9%A0%EB%A1%9C+%EC%82%B0%EB%8B%A4%EB%8A%94+%EA%B2%83.mp4
150,간편식_떠먹는피자,https://s3.ap-northeast-2.amazonaws.com/sopt-seminar/%EA%B0%84%ED%8E%B8%EC%8B%9D+%EA%B4%91%EA%B3%A0_1318_%EC%97%AC%EC%9E%90/%EC%97%AD%EC%8B%9C+%EA%B0%93%EB%9A%9C%EA%B8%B0!!+CF+%EA%B4%91%EA%B3%A0+%EC%98%A4%EB%9A%9C%EA%B8%B0+%EB%96%A0%EB%A8%B9%EB%8A%94%EC%BB%B5%ED%94%BC%EC%9E%90+%EC%BB%B5%EB%82%98%EC%A2%8B%EA%B5%B0+%ED%8E%B8+30s+2018.mp4
151,간편식_잇츠온,https://s3.ap-northeast-2.amazonaws.com/sopt-seminar/%EA%B0%84%ED%8E%B8%EC%8B%9D+%EA%B4%91%EA%B3%A0_1318_%EC%97%AC%EC%9E%90/%EC%8B%A0%EC%84%A0%EA%B0%84%ED%8E%B8%EC%8B%9D+%EC%9E%87%EC%B8%A0%EC%98%A8+TV+CF_20%EC%B4%88.mp4
152,간편식_마켓컬리,https://s3.ap-northeast-2.amazonaws.com/sopt-seminar/%EA%B0%84%ED%8E%B8%EC%8B%9D+%EA%B4%91%EA%B3%A0_1318_%EC%97%AC%EC%9E%90/%ED%80%84%EB%A6%AC%ED%8B%B0+%EC%9E%88%EA%B2%8C+%EC%83%88%EB%B2%BD%EB%B0%B0%EC%86%A1%2C+%EB%A7%88%EC%BC%93%EC%BB%AC%EB%A6%AC+%EC%83%9B%EB%B3%84%EB%B0%B0%EC%86%A1+(30s).mp4
153,간편식_꼬북칩,https://s3.ap-northeast-2.amazonaws.com/sopt-seminar/%EA%B0%84%ED%8E%B8%EC%8B%9D+%EA%B4%91%EA%B3%A0_1318_%EC%97%AC%EC%9E%90/%EB%84%A4+%EA%B2%B9+%EB%B0%94%EC%82%AD!+%EA%BC%AC%EB%B6%81%EC%B9%A9+X+%ED%97%A8%EB%A6%AC.mp4
154,간편식_파스타칩,https://s3.ap-northeast-2.amazonaws.com/sopt-seminar/%EA%B0%84%ED%8E%B8%EC%8B%9D+%EA%B4%91%EA%B3%A0_1318_%EC%97%AC%EC%9E%90/%EB%A7%88%EC%BC%93%EC%98%A4%EB%84%A4%EC%9D%B4%EC%B2%98+%ED%8C%8C%EC%8A%A4%ED%83%80%EC%B9%A9+-+%ED%8C%8C%EC%8A%A4%ED%83%80_%EC%A7%91_%EC%9C%BC%EB%A1%9C(30_s+ver).mp4
155,iphone_xs,https://s3.ap-northeast-2.amazonaws.com/sopt-seminar/%ED%9C%B4%EB%8C%80%ED%8F%B0%EB%8B%A8%EB%A7%90%EA%B8%B0_1318_1939_%EA%B3%B5%ED%86%B5+%2B+4069_%EB%82%A8%EC%9E%90/%EC%95%84%EC%9D%B4%ED%8F%B0xs%EA%B4%91%EA%B3%A0+%ED%99%98%EC%83%81%ED%8E%B8.mp4
156,잇몸_필립스,https://s3.ap-northeast-2.amazonaws.com/sopt-seminar/%EC%9E%87%EB%AA%B8+%EA%B4%80%EB%A6%AC%EC%9A%A9%ED%8F%BC_4069_%EA%B3%B5%ED%86%B5/%ED%95%84%EB%A6%BD%EC%8A%A4+%EC%86%8C%EB%8B%89%EC%BC%80%EC%96%B4+2017+TV%EA%B4%91%EA%B3%A0(%EB%8B%A4%EC%9D%B4%EC%95%84%EB%AA%AC%EB%93%9C+%ED%81%B4%EB%A6%B0+%EB%94%A5%ED%81%B4%EB%A6%B0+%EB%A1%9C%EC%A6%88%EA%B3%A8%EB%93%9C+HX9392_08).mp4
157,lg_오브제,https://s3.ap-northeast-2.amazonaws.com/sopt-seminar/%EB%83%89%EC%9E%A5%EA%B3%A0_4069_%EA%B3%B5%ED%86%B5/LG+Objet+-+%ED%94%84%EB%A6%AC%EB%AF%B8%EC%97%84+%ED%94%84%EB%9D%BC%EC%9D%B4%EB%B9%97+%EA%B0%80%EC%A0%84+LG+%EC%98%A4%EB%B8%8C%EC%A0%9C+%ED%8E%B8+%EA%B4%91%EA%B3%A0(1%EC%B0%A8).mp4
187,KDB산업은행,https://sopt-seminar.s3.ap-northeast-2.amazonaws.com/1571626549792.mp4
189,kk,https://sopt-seminar.s3.ap-northeast-2.amazonaws.com/1571669371578.mp4
209,test,https://sopt-seminar.s3.ap-northeast-2.amazonaws.com/1571676683456.mp4
213,love,https://sopt-seminar.s3.ap-northeast-2.amazonaws.com/1571678357752.mp4
221,test,https://sopt-seminar.s3.ap-northeast-2.amazonaws.com/1571724407775.mp4
222,test,https://sopt-seminar.s3.ap-northeast-2.amazonaws.com/1571724527857.mp4
